{
  "posts": [
    {
      "idDrink": "12093",
      "strDrink": "Rum Sour",
      "strDrinkAlternate": null,
      "strTags": null,
      "strVideo": null,
      "strCategory": "Ordinary Drink",
      "strIBA": null,
      "strAlcoholic": "Alcoholic",
      "strGlass": "Whiskey sour glass",
      "strInstructions": "In a shaker half-filled with ice cubes, combine the rum, lemon juice, and sugar. Shake well. Strain into a sour glass and garnish with the orange slice and the cherry.",
      "strInstructionsES": null,
      "strInstructionsDE": "In einem Shaker, der halb mit Eiswürfeln gefüllt ist, Rum, Zitronensaft und Zucker vermengen. Gut schütteln. In ein Sourglas abseihen und mit der Orangenscheibe und der Kirsche garnieren.",
      "strInstructionsFR": null,
      "strInstructionsIT": "In uno shaker riempito a metà con cubetti di ghiaccio, unire il rum, il succo di limone e lo zucchero. Agitare bene. Filtrare in un bicchiere sour e guarnire con la fetta d'arancia e la ciliegia.",
      "strInstructionsZH-HANS": null,
      "strInstructionsZH-HANT": null,
      "strDrinkThumb": "https://www.thecocktaildb.com/images/media/drink/bylfi21504886323.jpg",
      "strIngredient1": "Light rum",
      "strIngredient2": "Lemon juice",
      "strIngredient3": "Sugar",
      "strIngredient4": "Orange",
      "strIngredient5": "Maraschino cherry",
      "strIngredient6": null,
      "strIngredient7": null,
      "strIngredient8": null,
      "strIngredient9": null,
      "strIngredient10": null,
      "strIngredient11": null,
      "strIngredient12": null,
      "strIngredient13": null,
      "strIngredient14": null,
      "strIngredient15": null,
      "strMeasure1": "2 oz ",
      "strMeasure2": "1 oz ",
      "strMeasure3": "1/2 tsp superfine ",
      "strMeasure4": "1 ",
      "strMeasure5": "1 ",
      "strMeasure6": null,
      "strMeasure7": null,
      "strMeasure8": null,
      "strMeasure9": null,
      "strMeasure10": null,
      "strMeasure11": null,
      "strMeasure12": null,
      "strMeasure13": null,
      "strMeasure14": null,
      "strMeasure15": null,
      "strImageSource": null,
      "strImageAttribution": null,
      "strCreativeCommonsConfirmed": "No",
      "dateModified": "2017-09-08 16:58:44",
      "likes": 0,
      "id": 4
    },
    {
      "idDrink": "16250",
      "strDrink": "Rum Runner",
      "strDrinkAlternate": null,
      "strTags": null,
      "strVideo": null,
      "strCategory": "Punch / Party Drink",
      "strIBA": null,
      "strAlcoholic": "Alcoholic",
      "strGlass": "Cocktail glass",
      "strInstructions": "Mix all ingredients in glass & add ice.",
      "strInstructionsES": null,
      "strInstructionsDE": "Alle Zutaten in einem Glas mischen und Eis hinzufügen.",
      "strInstructionsFR": null,
      "strInstructionsIT": "Versare gli ingredienti sul ghiaccio e mescolare.",
      "strInstructionsZH-HANS": null,
      "strInstructionsZH-HANT": null,
      "strDrinkThumb": "https://www.thecocktaildb.com/images/media/drink/vqws6t1504888857.jpg",
      "strIngredient1": "Malibu rum",
      "strIngredient2": "Blackberry brandy",
      "strIngredient3": "Orange juice",
      "strIngredient4": "Pineapple juice",
      "strIngredient5": "Cranberry juice",
      "strIngredient6": null,
      "strIngredient7": null,
      "strIngredient8": null,
      "strIngredient9": null,
      "strIngredient10": null,
      "strIngredient11": null,
      "strIngredient12": null,
      "strIngredient13": null,
      "strIngredient14": null,
      "strIngredient15": null,
      "strMeasure1": "1 1/2 oz ",
      "strMeasure2": "1 oz ",
      "strMeasure3": "3-4 oz ",
      "strMeasure4": "3-4 oz ",
      "strMeasure5": "3-4 oz ",
      "strMeasure6": null,
      "strMeasure7": null,
      "strMeasure8": null,
      "strMeasure9": null,
      "strMeasure10": null,
      "strMeasure11": null,
      "strMeasure12": null,
      "strMeasure13": null,
      "strMeasure14": null,
      "strMeasure15": null,
      "strImageSource": null,
      "strImageAttribution": null,
      "strCreativeCommonsConfirmed": "No",
      "dateModified": "2017-09-08 17:40:57",
      "likes": 0,
      "id": 5
    }
  ],
  "comments": [],
  "profile": {
    "name": "typicode"
  }
}